,Acc_x,Acc_y,Acc_z,Label
0,2,6,8,Painting
1,8,31,25,Painting
2,-25,11,-5,Painting
3,9,-55,-32,Painting
4,6,-41,-4,Painting
5,-4,35,-15,Painting
6,-11,30,-9,Painting
7,1,21,-13,Painting
8,-23,-26,25,Painting
9,40,-41,-13,Painting
10,36,-39,-11,Painting
11,-38,22,20,Painting
12,-17,34,-4,Painting
13,2,22,-16,Painting
14,-22,11,12,Painting
15,16,-43,7,Painting
16,40,-25,-19,Painting
17,-12,-19,10,Painting
18,-19,34,-5,Painting
19,-10,24,-9,Painting
20,-1,20,-7,Painting
21,-6,-38,16,Painting
22,38,-27,-10,Painting
23,24,-32,4,Painting
24,-38,38,0,Painting
25,-11,32,-12,Painting
26,-4,29,-12,Painting
27,-19,-31,33,Painting
28,44,-35,-14,Painting
29,27,-27,-7,Painting
30,-48,42,8,Painting
31,-15,22,-13,Painting
32,-4,25,-17,Painting
33,-21,-6,16,Painting
34,40,-41,-3,Painting
35,35,-26,-7,Painting
36,-38,21,10,Painting
37,-17,32,-6,Painting
38,1,20,-14,Painting
39,-30,13,9,Painting
40,33,-41,-6,Painting
41,42,-24,-14,Painting
42,-30,-4,24,Painting
43,-12,36,-3,Painting
44,-8,27,-15,Painting
45,-16,6,9,Painting
46,48,-58,11,Painting
47,40,-32,-10,Painting
48,-62,26,27,Painting
49,-19,32,-9,Painting
50,-1,23,-9,Painting
51,-22,-10,20,Painting
52,45,-41,-5,Painting
53,29,-28,-5,Painting
54,-1,0,0,Painting
55,-11,28,-11,Painting
56,0,23,-15,Painting
57,-25,-10,25,Painting
58,50,-44,-11,Painting
59,29,-24,-5,Painting
60,-56,51,-16,Painting
61,-10,28,-20,Painting
62,0,24,-6,Painting
63,-16,-28,33,Painting
64,53,-37,-10,Painting
65,28,-25,-2,Painting
66,-48,47,-14,Painting
67,-13,25,-19,Painting
68,-3,18,-13,Painting
69,-14,-4,21,Painting
70,28,-32,-2,Painting
71,30,-28,-1,Painting
72,-29,28,-6,Painting
73,-13,27,-11,Painting
74,-6,25,-10,Painting
75,-2,-43,22,Painting
76,55,-28,-19,Painting
77,4,-27,16,Painting
78,-29,48,-15,Painting
79,-13,34,-18,Painting
80,-25,22,4,Painting
81,24,-51,7,Painting
82,54,-22,-20,Painting
83,-32,-13,18,Painting
84,-10,37,-24,Painting
85,-10,30,-5,Painting
86,-30,-3,0,Painting
87,55,-42,-2,Painting
88,37,-33,-2,Painting
89,-60,47,-3,Painting
90,-17,32,-10,Painting
91,-4,19,-5,Painting
92,-12,-14,9,Painting
93,43,-34,-7,Painting
94,35,-20,-3,Painting
95,-28,-1,11,Painting
96,-26,46,-12,Painting
97,-4,29,-13,Painting
98,-17,-31,16,Painting
99,49,-29,-15,Painting
100,23,-30,6,Painting
101,-45,29,-2,Painting
102,-24,40,-10,Painting
103,-7,16,-9,Painting
104,-8,-21,12,Painting
105,40,-29,-9,Painting
106,38,-35,4,Painting
107,-44,24,6,Painting
108,-22,37,-6,Painting
109,-5,22,-11,Painting
110,-13,-21,25,Painting
111,46,-35,-6,Painting
112,36,-33,4,Painting
113,-53,35,-24,Painting
114,-23,32,-11,Painting
115,-4,19,-4,Painting
116,-15,-9,4,Painting
117,42,-27,-1,Painting
118,26,-32,13,Painting
119,-22,42,-21,Painting
120,-20,32,-11,Painting
121,-12,17,-4,Painting
122,0,-26,12,Painting
123,52,-30,-5,Painting
124,13,-25,16,Painting
125,-19,49,-18,Painting
126,-11,26,-22,Painting
127,-15,19,3,Painting
128,11,-32,6,Painting
129,58,-30,-6,Painting
130,-8,-24,26,Painting
131,-14,39,-19,Painting
132,-6,27,-17,Painting
133,-25,13,12,Painting
134,28,-43,7,Painting
135,45,-22,-14,Painting
136,-21,-13,12,Painting
137,-6,35,-18,Painting
138,-21,27,0,Painting
139,-19,6,-8,Painting
140,46,-33,-4,Painting
141,37,-14,-12,Painting
142,-42,-8,17,Painting
143,-21,44,-13,Painting
144,-9,24,-12,Painting
145,-3,-31,19,Painting
146,48,-28,-7,Painting
147,35,-26,0,Painting
148,-56,52,-15,Painting
149,-17,31,-1,Painting
150,-11,25,-12,Painting
151,14,-35,6,Painting
152,48,-28,-3,Painting
153,-14,-12,14,Painting
154,-5,31,-20,Painting
155,-17,21,-2,Painting
156,-16,-1,7,Painting
157,36,-38,8,Painting
158,48,-20,-3,Painting
159,-38,-2,13,Painting
160,-29,35,-4,Painting
161,-15,26,-8,Painting
162,-8,-26,16,Painting
163,62,-34,-3,Painting
164,18,-33,11,Painting
165,-20,46,-33,Painting
166,-21,35,-10,Painting
167,-18,19,-6,Painting
168,20,-44,7,Painting
169,51,-23,-8,Painting
170,-34,-14,13,Painting
171,-14,33,-2,Painting
172,-20,26,-5,Painting
173,-15,4,-8,Painting
174,73,-51,26,Painting
175,24,-33,10,Painting
176,-29,33,-22,Painting
177,-19,38,-7,Painting
178,-20,25,-10,Painting
179,18,-42,5,Painting
180,58,-26,-6,Painting
181,-4,-30,11,Painting
182,-31,46,4,Painting
183,-15,33,-11,Painting
184,-21,-1,-1,Painting
185,39,-40,5,Painting
186,48,-27,-4,Painting
187,-62,18,-10,Painting
188,-31,36,-3,Painting
189,-10,25,-9,Painting
190,9,-42,21,Painting
191,61,-25,-5,Painting
192,-3,-28,9,Painting
193,-3,48,-20,Painting
194,-17,28,-11,Painting
195,-26,-6,14,Painting
196,44,-40,1,Painting
197,44,-26,-3,Painting
198,-49,5,1,Painting
199,-31,39,-5,Painting
200,-16,26,-6,Painting
201,5,-35,10,Painting
202,53,-25,-2,Painting
203,15,-30,6,Painting
204,-17,61,-14,Painting
205,-19,33,-16,Painting
206,-27,6,2,Painting
207,38,-37,4,Painting
208,49,-19,-9,Painting
209,-39,-12,18,Painting
210,-23,38,-18,Painting
211,-15,25,-9,Painting
212,5,-29,14,Painting
213,48,-34,3,Painting
214,-18,-20,10,Painting
215,-7,32,-6,Painting
216,-8,28,-9,Painting
217,-21,-12,9,Painting
218,50,-33,-3,Painting
219,24,-29,8,Painting
220,-51,40,-15,Painting
221,-30,38,-17,Painting
222,-19,16,-7,Painting
223,15,-34,8,Painting
224,49,-27,-16,Painting
225,0,-33,31,Painting
226,-9,51,-19,Painting
227,-18,35,-6,Painting
228,-14,-16,11,Painting
229,52,-38,-1,Painting
230,25,-35,4,Painting
231,-25,57,-11,Painting
232,-25,37,-4,Painting
233,-10,21,-8,Painting
234,17,-39,9,Painting
235,49,-30,-18,Painting
236,-47,1,24,Painting
237,-24,36,8,Painting
238,-12,33,-12,Painting
239,-14,-20,6,Painting
240,48,-35,-6,Painting
241,25,-29,5,Painting
242,-54,37,28,Painting
243,-15,40,-11,Painting
244,-26,13,-5,Painting
245,30,-42,0,Painting
246,51,-24,-10,Painting
247,-61,0,12,Painting
248,-29,43,-6,Painting
249,-11,22,-12,Painting
250,-8,-25,8,Painting
251,60,-39,-2,Painting
252,-18,-18,4,Painting
253,-19,45,-25,Painting
254,-24,29,-5,Painting
255,-13,-30,17,Painting
256,66,-33,-5,Painting
257,18,-31,9,Painting
258,-14,56,-20,Painting
259,-20,33,-5,Painting
260,-21,-3,9,Painting
261,39,-33,-2,Painting
262,46,-29,0,Painting
263,-41,11,13,Painting
264,-26,46,-13,Painting
265,-12,25,-8,Painting
266,6,-34,8,Painting
267,52,-19,-19,Painting
268,9,-30,0,Painting
269,-26,69,-19,Painting
270,-19,34,-9,Painting
271,-21,-8,-1,Painting
272,57,-41,0,Painting
273,27,-26,-1,Painting
274,-47,51,-10,Painting
275,-21,33,-4,Painting
276,-19,14,0,Painting
277,26,-40,4,Painting
278,51,-27,-15,Painting
279,-49,-3,14,Painting
280,-26,39,14,Painting
281,-10,26,-17,Painting
282,0,-32,9,Painting
283,59,-34,-11,Painting
284,-8,-26,19,Painting
285,-8,50,-15,Painting
286,-9,29,-6,Painting
287,-18,-15,10,Painting
288,58,-42,0,Painting
289,27,-32,-5,Painting
290,-57,67,14,Painting
291,-18,40,-8,Painting
292,-22,13,-7,Painting
293,39,-43,-2,Painting
294,40,-35,-1,Painting
295,-62,27,13,Painting
296,-22,43,4,Painting
297,-17,15,-10,Painting
298,31,-43,1,Painting
299,41,-34,-6,Painting
300,-70,43,4,Painting
301,-15,34,-19,Painting
302,-21,17,5,Painting
303,17,-40,9,Painting
304,55,-25,-21,Painting
305,-21,-27,11,Painting
306,-8,56,3,Painting
307,-13,28,-9,Painting
308,-6,-26,8,Painting
309,61,-40,-6,Painting
310,-4,-23,0,Painting
311,-30,53,-6,Painting
312,-17,38,-15,Painting
313,-22,-7,-1,Painting
314,60,-46,2,Painting
315,19,-34,5,Painting
316,-29,61,3,Painting
317,-21,32,-8,Painting
318,-22,4,3,Painting
319,47,-43,-4,Painting
320,37,-34,-7,Painting
321,-54,42,14,Painting
322,-22,45,-8,Painting
323,-8,17,-11,Painting
324,26,-45,-5,Painting
325,37,-43,-3,Painting
326,-43,51,25,Painting
327,-28,47,-11,Painting
328,-15,11,-6,Painting
329,37,-47,5,Painting
330,40,-36,-6,Painting
331,-56,42,-9,Painting
332,-22,43,-8,Painting
333,-8,21,2,Painting
334,1,-34,0,Painting
335,54,-40,-6,Painting
336,-44,15,-11,Painting
337,-25,43,-8,Painting
338,-5,22,-7,Painting
339,-5,-31,18,Painting
340,-85,152,57,Painting
341,14,-38,17,Painting
342,-7,64,-9,Painting
343,-16,30,-1,Painting
344,-28,-8,7,Painting
345,58,-42,-11,Painting
346,18,-34,0,Painting
347,-39,55,-4,Painting
348,-19,40,-9,Painting
349,-13,-7,2,Painting
350,50,-39,-5,Painting
351,4,-34,11,Painting
352,-14,57,-28,Painting
353,-13,23,-7,Painting
354,-19,-12,17,Painting
355,49,-39,-25,Painting
356,17,-36,0,Painting
357,-9,75,-11,Painting
358,-20,30,-1,Painting
359,-20,-19,7,Painting
360,53,-39,-9,Painting
361,1,-37,21,Painting
362,-25,43,16,Painting
363,-10,28,-11,Painting
364,-10,-18,10,Painting
365,62,-44,-3,Painting
366,-51,-5,23,Painting
367,-24,45,-6,Painting
368,-5,17,-8,Painting
369,15,-47,20,Painting
370,47,-31,-13,Painting
371,-36,0,3,Painting
372,-16,31,-15,Painting
373,-8,20,2,Painting
374,-11,-27,9,Painting
375,52,-35,-15,Painting
376,-4,-31,8,Painting
377,0,47,3,Painting
378,-6,26,-11,Painting
379,-22,-4,10,Painting
380,55,-48,2,Painting
381,22,-31,5,Painting
382,-8,53,0,Painting
383,-14,31,-11,Painting
384,-19,16,1,Painting
385,47,-56,5,Painting
386,37,-37,-3,Painting
387,-35,48,10,Painting
388,-19,42,-9,Painting
389,-21,20,0,Painting
390,41,-57,3,Painting
391,38,-31,-12,Painting
392,-46,37,9,Painting
393,-24,45,-1,Painting
394,-21,26,-4,Painting
395,35,-62,8,Painting
396,47,-35,-3,Painting
397,-54,56,-7,Painting
398,-19,34,-5,Painting
399,-14,22,1,Painting
400,15,-42,3,Painting
401,55,-30,-14,Painting
402,-59,11,22,Painting
403,-26,34,-12,Painting
404,-3,27,-12,Painting
405,0,-36,11,Painting
406,53,-31,-13,Painting
407,-27,-19,14,Painting
408,-12,45,-16,Painting
409,-4,22,-17,Painting
410,-14,-10,18,Painting
411,56,-44,5,Painting
412,12,-31,6,Painting
413,-2,44,-24,Painting
414,-13,31,-14,Painting
415,-24,8,4,Painting
416,49,-49,5,Painting
417,32,-35,5,Painting
418,-33,48,-3,Painting
419,-21,36,-12,Painting
420,-15,23,-2,Painting
421,13,-47,12,Painting
422,55,-32,-15,Painting
423,-39,0,11,Painting
424,-15,35,-6,Painting
425,-13,30,-6,Painting
426,-9,-29,12,Painting
427,60,-37,-4,Painting
428,-10,-17,9,Painting
429,-7,40,-3,Painting
430,-18,30,-6,Painting
431,-25,-8,6,Painting
432,59,-44,-2,Painting
433,24,-32,0,Painting
434,-37,59,-12,Painting
435,-4,33,-8,Painting
436,-18,10,1,Painting
437,30,-45,4,Painting
438,48,-25,-20,Painting
439,-58,1,22,Painting
440,-21,44,-2,Painting
441,-7,22,-14,Painting
442,-6,-24,15,Painting
443,59,-44,-1,Painting
444,-18,-19,15,Painting
445,-7,37,-10,Painting
446,-11,34,-7,Painting
447,-16,-25,15,Painting
448,61,-40,-4,Painting
449,11,-23,13,Painting
450,-14,47,-17,Painting
451,-9,34,-12,Painting
452,-31,1,5,Painting
453,46,-52,-1,Painting
454,31,-22,-6,Painting
455,-45,29,-12,Painting
456,-20,36,-5,Painting
457,-23,29,0,Painting
458,21,-51,1,Painting
459,52,-26,-15,Painting
460,-50,10,-2,Painting
461,-22,36,3,Painting
462,-9,32,-12,Painting
463,19,-49,23,Painting
464,54,-30,-8,Painting
465,-44,-2,18,Painting
466,-22,36,-5,Painting
467,-5,27,-6,Painting
468,5,-52,22,Painting
469,59,-31,-21,Painting
470,-61,5,23,Painting
471,-18,28,-6,Painting
472,-11,25,-7,Painting
473,-7,-34,7,Painting
474,55,-34,-13,Painting
475,-28,-10,4,Painting
476,-28,34,0,Painting
477,-6,29,-7,Painting
478,-1,-33,21,Painting
479,41,-30,-6,Painting
480,-4,-20,12,Painting
481,-204,117,80,Painting
482,-9,28,-10,Painting
483,-12,-21,17,Painting
484,34,-30,2,Painting
485,15,-26,-5,Painting
486,-28,43,-21,Painting
487,-18,35,-10,Painting
488,-21,5,5,Painting
489,41,-41,2,Painting
490,28,-31,2,Painting
491,2,52,-40,Painting
492,-21,35,0,Painting
493,-27,8,2,Painting
494,57,-49,6,Painting
495,22,-35,16,Painting
496,-32,39,-14,Painting
497,-15,34,-10,Painting
498,-33,10,0,Painting
499,56,-47,2,Painting
500,27,-35,0,Painting
501,-26,48,-10,Painting
502,-14,35,-6,Painting
503,-30,3,5,Painting
504,55,-49,2,Painting
505,27,-26,-14,Painting
506,-41,65,12,Painting
507,-9,33,-8,Painting
508,-17,22,-10,Painting
509,38,-48,16,Painting
510,42,-36,-13,Painting
511,-56,42,-5,Painting
512,-19,45,-2,Painting
513,-14,23,-13,Painting
514,41,-63,11,Painting
515,38,-32,-9,Painting
516,-53,38,-6,Painting
517,-20,42,-7,Painting
518,-12,27,-12,Painting
519,11,-50,16,Painting
520,55,-39,-5,Painting
521,-49,10,2,Painting
522,-19,37,0,Painting
523,-17,30,-3,Painting
524,3,-38,5,Painting
525,49,-38,-9,Painting
526,-45,2,13,Painting
527,-15,38,0,Painting
528,-6,26,-13,Painting
529,-6,-22,8,Painting
530,54,-33,-18,Painting
531,-41,-5,7,Painting
532,-15,47,-16,Painting
533,-4,27,-6,Painting
534,-10,-37,19,Painting
535,59,-36,-9,Painting
536,-26,-18,8,Painting
537,-19,33,-1,Painting
538,-9,23,-1,Painting
539,-11,-17,0,Painting
540,46,-30,-12,Painting
541,-43,-1,18,Painting
542,-19,30,-8,Painting
543,-2,28,-13,Painting
544,-3,-39,20,Painting
545,47,-34,-9,Painting
546,-41,21,-3,Painting
547,-21,34,-7,Painting
548,2,28,-5,Painting
549,0,-50,26,Painting
550,60,-37,-18,Painting
551,-43,-12,23,Painting
552,-23,42,0,Painting
553,-5,27,-6,Painting
554,-3,-40,19,Painting
555,54,-29,-15,Painting
556,-17,-31,22,Painting
557,10,49,-8,Painting
558,-11,24,-4,Painting
559,-16,-20,11,Painting
560,51,-38,-6,Painting
561,7,-23,10,Painting
562,-4,35,-15,Painting
563,-5,34,-11,Painting
564,-18,-6,16,Painting
565,42,-41,-3,Painting
566,25,-27,4,Painting
567,-28,45,-31,Painting
568,-18,41,0,Painting
569,-18,-16,3,Painting
570,45,-37,-5,Painting
571,-7,-21,-5,Painting
572,-13,45,-12,Painting
573,-6,24,-5,Painting
574,-10,-35,25,Painting
575,57,-45,0,Painting
576,-35,4,18,Painting
577,-15,24,-12,Painting
578,-10,30,-7,Painting
579,-17,-32,20,Painting
580,58,-38,-5,Painting
581,-1,-26,4,Painting
582,-23,47,-9,Painting
583,-11,40,-11,Painting
584,-3,-43,14,Painting
585,60,-36,-7,Painting
586,-43,-12,9,Painting
587,-20,42,5,Painting
588,-22,35,-13,Painting
589,16,-47,5,Painting
590,57,-29,-11,Painting
591,-49,5,3,Painting
592,-37,35,0,Painting
593,-14,28,-3,Painting
594,20,-57,24,Painting
595,54,-25,-7,Painting
596,-30,-21,12,Painting
597,-4,33,-38,Painting
598,-15,21,-3,Painting
599,0,-23,11,Painting
600,46,-28,-3,Painting
601,30,-15,-2,Painting
602,-76,47,12,Painting
603,-23,36,1,Painting
604,-22,8,-4,Painting
605,47,-41,-7,Painting
606,41,-28,-4,Painting
607,-70,48,2,Painting
608,-19,37,-13,Painting
609,-27,10,-8,Painting
610,39,-39,6,Painting
611,46,-23,-7,Painting
612,-65,10,8,Painting
613,-19,37,0,Painting
614,-12,25,-16,Painting
615,18,-39,12,Painting
616,45,-26,-9,Painting
617,-18,-16,3,Painting
618,-9,50,1,Painting
619,-14,36,-14,Painting
620,19,-141,127,Painting
621,41,-27,-6,Painting
622,31,-30,2,Painting
623,-22,51,-23,Painting
624,-22,34,-2,Painting
625,-20,-3,1,Painting
626,37,-27,-6,Painting
627,37,-33,-3,Painting
628,-32,45,-11,Painting
629,-16,41,-7,Painting
630,-28,15,-4,Painting
631,26,-44,2,Painting
632,49,-21,-14,Painting
633,-52,3,-2,Painting
634,-23,39,13,Painting
635,-17,28,-5,Painting
636,19,-45,2,Painting
637,44,-19,-10,Painting
638,-43,-9,3,Painting
639,-8,38,-1,Painting
640,-11,26,-4,Painting
641,5,-39,10,Painting
642,42,-20,-11,Painting
643,-18,-22,17,Painting
644,0,41,-4,Painting
645,-8,29,-2,Painting
646,-17,-24,14,Painting
647,49,-33,-4,Painting
648,11,-33,1,Painting
649,7,44,3,Painting
650,-11,30,-3,Painting
651,-17,-11,6,Painting
652,32,-28,-2,Painting
653,40,-29,-2,Painting
654,-40,41,6,Painting
655,-28,43,0,Painting
656,-22,26,-8,Painting
657,22,-43,0,Painting
658,57,-26,-13,Painting
659,-62,9,-3,Painting
660,-29,45,-9,Painting
661,-10,24,-8,Painting
662,4,-36,4,Painting
663,66,-32,-11,Painting
664,-21,-24,15,Painting
665,-19,47,-5,Painting
666,-6,29,-11,Painting
667,-17,-40,13,Painting
668,63,-26,-22,Painting
669,-28,-23,10,Painting
670,-15,33,17,Painting
671,-15,32,-6,Painting
672,-15,-27,14,Painting
673,70,-38,-14,Painting
674,-15,-25,7,Painting
675,-14,41,3,Painting
676,-10,27,-14,Painting
677,-15,-15,12,Painting
678,71,-42,-1,Painting
679,-2,-32,18,Painting
680,4,46,0,Painting
681,-12,29,-3,Painting
682,-10,-29,16,Painting
683,61,-39,-1,Painting
684,2,-32,10,Painting
685,3,63,-24,Painting
686,-9,30,-8,Painting
687,-3,-39,26,Painting
688,58,-31,-13,Painting
689,0,-33,11,Painting
690,-19,49,-15,Painting
691,-16,29,-2,Painting
692,-20,-18,3,Painting
693,59,-32,-8,Painting
694,-8,-24,0,Painting
695,-34,33,-10,Painting
696,-20,30,-7,Painting
697,-16,-28,9,Painting
698,55,-30,-10,Painting
699,-5,-30,18,Painting
700,-23,38,-12,Painting
701,-18,27,-4,Painting
702,-11,-29,23,Painting
703,55,-25,-6,Painting
704,6,-30,12,Painting
705,-23,42,-23,Painting
706,-18,30,-11,Painting
707,-23,-20,15,Painting
708,57,-27,-8,Painting
709,23,-27,3,Painting
710,-24,46,-21,Painting
711,-23,36,-3,Painting
712,-28,7,-3,Painting
713,48,-41,5,Painting
714,39,-23,-5,Painting
715,-39,39,0,Painting
716,-21,38,-6,Painting
717,-29,8,0,Painting
718,48,-43,2,Painting
719,46,-25,-2,Painting
720,-48,45,-5,Painting
721,-22,32,-6,Painting
722,-20,13,6,Painting
723,37,-44,6,Painting
724,57,-23,-13,Painting
725,-58,14,18,Painting
726,-23,36,3,Painting
727,-12,22,-13,Painting
728,28,-44,3,Painting
729,57,-24,-16,Painting
730,-60,23,20,Painting
731,-24,41,-6,Painting
732,-10,24,-10,Painting
733,24,-40,-2,Painting
734,44,-26,-2,Painting
735,-52,23,-21,Painting
736,-25,37,-9,Painting
737,-22,11,2,Painting
738,73,-60,19,Painting
739,32,-36,-6,Painting
740,-39,58,4,Painting
741,-21,35,-14,Painting
742,-23,-15,10,Painting
743,81,-45,-3,Painting
744,-22,-26,15,Painting
745,-6,40,-7,Painting
746,-23,34,0,Painting
747,14,-43,15,Painting
748,65,-34,-1,Painting
749,-55,3,-1,Painting
750,-30,33,-10,Painting
751,-7,25,-8,Painting
752,0,-33,10,Painting
753,55,-27,-2,Painting
754,-7,-19,23,Painting
755,-25,30,-12,Painting
756,-16,32,-7,Painting
757,-18,-32,30,Painting
758,57,-32,-13,Painting
759,-61,97,47,Painting
760,-12,47,-1,Painting
761,-19,29,-5,Painting
762,-17,-22,9,Painting
763,59,-34,-10,Painting
764,9,-21,7,Painting
765,-29,58,-30,Painting
766,-21,29,-4,Painting
767,-22,-18,11,Painting
768,47,-32,-13,Painting
769,35,-28,-1,Painting
770,-27,43,-2,Painting
771,-21,36,-6,Painting
772,-18,9,4,Painting
773,42,-43,6,Painting
774,48,-30,-9,Painting
775,-58,32,-3,Painting
776,-28,41,-9,Painting
777,-22,14,0,Painting
778,46,-44,0,Painting
779,43,-29,-8,Painting
780,-27,44,12,Painting
781,-23,36,-2,Painting
782,-28,4,-8,Painting
783,62,-46,0,Painting
784,16,-40,13,Painting
785,8,52,-19,Painting
786,-13,25,-3,Painting
787,18,-56,19,Painting
788,63,-24,-25,Painting
789,-71,43,9,Painting
790,-23,40,13,Painting
791,-13,8,-15,Painting
792,23,-27,-12,Painting
793,13,-6,-13,Painting
794,-13,4,-1,Painting
795,-8,7,3,Painting
796,0,-2,0,Painting
797,-5,2,-1,Painting
798,4,-5,-1,Painting
799,0,-1,2,Painting
800,0,0,-2,Sorry
801,0,2,2,Sorry
802,2,-2,-2,Sorry
803,-3,2,-9,Sorry
804,-5,-10,2,Sorry
805,4,-5,3,Sorry
806,5,8,8,Sorry
807,3,6,-7,Sorry
808,-4,-4,-17,Sorry
809,-6,-12,-5,Sorry
810,1,1,12,Sorry
811,8,8,8,Sorry
812,2,8,-6,Sorry
813,0,-1,-22,Sorry
814,-9,-14,0,Sorry
815,0,-6,11,Sorry
816,4,7,8,Sorry
817,5,11,0,Sorry
818,3,2,-18,Sorry
819,-3,-8,-16,Sorry
820,-10,-12,0,Sorry
821,2,1,10,Sorry
822,-108,-103,89,Sorry
823,7,7,-14,Sorry
824,-3,-3,-14,Sorry
825,-8,-18,-3,Sorry
826,-1,-2,13,Sorry
827,9,11,10,Sorry
828,4,13,-10,Sorry
829,-1,5,-22,Sorry
830,-9,-19,-3,Sorry
831,-2,-6,6,Sorry
832,4,9,14,Sorry
833,5,12,-4,Sorry
834,3,7,-23,Sorry
835,-6,-17,-9,Sorry
836,-9,-9,1,Sorry
837,4,6,13,Sorry
838,7,13,5,Sorry
839,5,7,-19,Sorry
840,-5,-8,-18,Sorry
841,-6,-10,1,Sorry
842,0,0,12,Sorry
843,7,14,6,Sorry
844,6,8,-20,Sorry
845,-6,-6,-15,Sorry
846,-4,-15,2,Sorry
847,3,1,16,Sorry
848,5,17,4,Sorry
849,2,5,-17,Sorry
850,-7,-17,-7,Sorry
851,-5,-10,0,Sorry
852,2,8,13,Sorry
853,5,10,4,Sorry
854,4,7,-18,Sorry
855,-7,-7,-15,Sorry
856,-5,-18,0,Sorry
857,4,1,19,Sorry
858,2,11,8,Sorry
859,11,1,-33,Sorry
860,-10,0,-5,Sorry
861,-1,-11,11,Sorry
862,2,1,8,Sorry
863,4,11,-5,Sorry
864,-2,6,-12,Sorry
865,-6,-18,-2,Sorry
866,-1,-7,16,Sorry
867,3,12,5,Sorry
868,11,5,-25,Sorry
869,-11,-10,-4,Sorry
870,-3,-10,7,Sorry
871,4,10,9,Sorry
872,6,13,-3,Sorry
873,-1,-1,-11,Sorry
874,-4,-18,-10,Sorry
875,-4,-8,3,Sorry
876,5,8,12,Sorry
877,4,16,1,Sorry
878,3,0,-16,Sorry
879,-4,-19,-13,Sorry
880,-7,-8,4,Sorry
881,4,13,15,Sorry
882,5,13,2,Sorry
883,4,0,-20,Sorry
884,-7,-18,-11,Sorry
885,-6,-8,7,Sorry
886,5,11,14,Sorry
887,5,12,5,Sorry
888,3,2,-18,Sorry
889,-6,-12,-14,Sorry
890,-5,-9,5,Sorry
891,4,2,4,Sorry
892,2,13,2,Sorry
893,0,12,1,Sorry
894,4,-6,-13,Sorry
895,-6,-20,-12,Sorry
896,-6,-2,13,Sorry
897,6,14,13,Sorry
898,4,11,0,Sorry
899,0,-6,-14,Sorry
900,-4,-17,-13,Sorry
901,-6,-9,10,Sorry
902,2,12,15,Sorry
903,3,9,3,Sorry
904,6,6,-19,Sorry
905,-4,-13,-16,Sorry
906,-8,-13,0,Sorry
907,0,6,12,Sorry
908,7,14,7,Sorry
909,6,12,-15,Sorry
910,-3,-8,-14,Sorry
911,-7,-22,-6,Sorry
912,-1,-5,4,Sorry
913,4,16,16,Sorry
914,8,15,-3,Sorry
915,1,0,-9,Sorry
916,-7,-20,-6,Sorry
917,-7,-15,-7,Sorry
918,-2,9,8,Sorry
919,10,17,12,Sorry
920,3,7,-1,Sorry
921,-1,-2,-15,Sorry
922,-5,-16,-15,Sorry
923,-5,-10,-3,Sorry
924,0,8,14,Sorry
925,5,13,13,Sorry
926,3,4,-7,Sorry
927,1,-5,-21,Sorry
928,-6,-18,-10,Sorry
929,-2,-5,9,Sorry
930,4,14,12,Sorry
931,3,13,4,Sorry
932,10,0,-25,Sorry
933,-9,-15,-14,Sorry
934,-13,-8,8,Sorry
935,3,9,19,Sorry
936,7,13,3,Sorry
937,8,1,-22,Sorry
938,-10,-10,-13,Sorry
939,-7,-14,6,Sorry
940,3,8,15,Sorry
941,7,17,2,Sorry
942,5,1,-11,Sorry
943,0,-12,-21,Sorry
944,-13,-12,2,Sorry
945,0,3,4,Sorry
946,7,18,10,Sorry
947,7,8,-9,Sorry
948,0,-11,-16,Sorry
949,-5,-16,-12,Sorry
950,-6,-1,11,Sorry
951,5,11,14,Sorry
952,4,11,1,Sorry
953,4,-1,-18,Sorry
954,-7,-14,-10,Sorry
955,-8,-9,-4,Sorry
956,-2,13,11,Sorry
957,9,12,18,Sorry
958,5,0,-11,Sorry
959,-1,-17,-12,Sorry
960,-8,-13,-7,Sorry
961,-6,7,13,Sorry
962,299,120,-237,Sorry
963,4,5,-2,Sorry
964,0,-7,-14,Sorry
965,-3,-17,-11,Sorry
966,-6,-9,6,Sorry
967,2,8,17,Sorry
968,6,17,2,Sorry
969,4,3,-12,Sorry
970,-1,-18,-19,Sorry
971,-9,-16,-5,Sorry
972,-1,5,15,Sorry
973,7,21,12,Sorry
974,6,11,-7,Sorry
975,-2,-13,-14,Sorry
976,-7,-17,-16,Sorry
977,-7,-4,9,Sorry
978,5,10,22,Sorry
979,5,14,5,Sorry
980,7,9,-29,Sorry
981,-4,-16,-19,Sorry
982,-10,-16,0,Sorry
983,-2,6,20,Sorry
984,8,17,15,Sorry
985,4,10,-11,Sorry
986,0,-12,-17,Sorry
987,-8,-22,-4,Sorry
988,-7,0,11,Sorry
989,6,12,15,Sorry
990,3,15,0,Sorry
991,2,0,-16,Sorry
992,-2,-26,-18,Sorry
993,-13,-8,9,Sorry
994,3,13,18,Sorry
995,4,13,7,Sorry
996,6,10,-11,Sorry
997,-3,-14,-22,Sorry
998,-12,-17,-1,Sorry
999,-2,0,7,Sorry
1000,7,25,18,Sorry
1001,1,5,0,Sorry
1002,5,-8,-30,Sorry
1003,-10,-19,-16,Sorry
1004,-5,0,17,Sorry
1005,11,10,10,Sorry
1006,4,14,0,Sorry
1007,-2,-7,-15,Sorry
1008,-9,-20,-10,Sorry
1009,-1,1,15,Sorry
1010,6,21,12,Sorry
1011,4,4,3,Sorry
1012,1,-12,-25,Sorry
1013,-12,-18,-10,Sorry
1014,-5,-4,16,Sorry
1015,7,23,18,Sorry
1016,6,15,-5,Sorry
1017,1,-9,-14,Sorry
1018,-8,-18,-13,Sorry
1019,-7,-9,0,Sorry
1020,0,17,19,Sorry
1021,10,18,13,Sorry
1022,3,0,-14,Sorry
1023,-6,-13,-28,Sorry
1024,-11,-11,-2,Sorry
1025,2,10,13,Sorry
1026,9,13,13,Sorry
1027,3,5,-9,Sorry
1028,-1,-12,-16,Sorry
1029,-4,-16,-15,Sorry
1030,-4,1,14,Sorry
1031,5,17,16,Sorry
1032,0,9,1,Sorry
1033,6,-4,-26,Sorry
1034,-4,-17,-10,Sorry
1035,-7,-6,8,Sorry
1036,3,4,13,Sorry
1037,5,13,8,Sorry
1038,2,8,-15,Sorry
1039,-2,-11,-14,Sorry
1040,-5,-16,-1,Sorry
1041,-3,-4,7,Sorry
1042,4,12,15,Sorry
1043,4,16,-2,Sorry
1044,0,0,-11,Sorry
1045,-3,-12,-11,Sorry
1046,-2,-18,1,Sorry
1047,-3,4,14,Sorry
1048,4,18,17,Sorry
1049,3,8,-18,Sorry
1050,-4,-8,-16,Sorry
1051,-3,-16,-9,Sorry
1052,-2,-1,9,Sorry
1053,1,20,13,Sorry
1054,2,7,3,Sorry
1055,3,-6,-14,Sorry
1056,-3,-16,-18,Sorry
1057,-8,-10,1,Sorry
1058,2,7,16,Sorry
1059,4,18,14,Sorry
1060,3,7,-8,Sorry
1061,0,-9,-18,Sorry
1062,-7,-15,-12,Sorry
1063,-5,-1,7,Sorry
1064,6,9,14,Sorry
1065,4,12,5,Sorry
1066,1,4,-16,Sorry
1067,-5,-8,-13,Sorry
1068,-3,-15,-4,Sorry
1069,-2,1,5,Sorry
1070,3,10,13,Sorry
1071,4,10,-4,Sorry
1072,0,4,-15,Sorry
1073,-3,-18,-9,Sorry
1074,-4,-12,5,Sorry
1075,0,7,14,Sorry
1076,5,14,5,Sorry
1077,5,5,-16,Sorry
1078,0,-15,-20,Sorry
1079,-9,-11,2,Sorry
1080,1,1,9,Sorry
1081,3,16,11,Sorry
1082,2,8,-5,Sorry
1083,0,-8,-16,Sorry
1084,-4,-23,-3,Sorry
1085,-3,-4,7,Sorry
1086,0,20,13,Sorry
1087,5,11,2,Sorry
1088,4,0,-17,Sorry
1089,-7,-15,-16,Sorry
1090,-9,-9,5,Sorry
1091,0,14,16,Sorry
1092,3,14,2,Sorry
1093,9,-3,-23,Sorry
1094,0,-22,-17,Sorry
1095,-9,-3,12,Sorry
1096,3,20,11,Sorry
1097,8,16,-7,Sorry
1098,1,-8,-11,Sorry
1099,-2,-22,-18,Sorry
1100,-13,-4,6,Sorry
1101,0,21,18,Sorry
1102,-57,6,76,Sorry
1103,6,-5,-14,Sorry
1104,0,-17,-19,Sorry
1105,-12,-12,3,Sorry
1106,-4,13,17,Sorry
1107,4,17,6,Sorry
1108,6,4,-9,Sorry
1109,5,-13,-21,Sorry
1110,-6,-19,-12,Sorry
1111,-7,6,11,Sorry
1112,1,21,13,Sorry
1113,4,7,-1,Sorry
1114,8,-9,-19,Sorry
1115,0,-22,-16,Sorry
1116,-14,-2,14,Sorry
1117,1,15,13,Sorry
1118,2,13,3,Sorry
1119,10,-8,-11,Sorry
1120,0,-15,-17,Sorry
1121,-7,-11,-1,Sorry
1122,-2,10,12,Sorry
1123,4,13,10,Sorry
1124,6,2,-11,Sorry
1125,3,-10,-16,Sorry
1126,-3,-13,-10,Sorry
1127,-6,3,8,Sorry
1128,0,12,10,Sorry
1129,1,7,3,Sorry
1130,2,-2,-16,Sorry
1131,-2,-14,-19,Sorry
1132,-8,-6,2,Sorry
1133,-1,10,16,Sorry
1134,7,10,9,Sorry
1135,5,8,-13,Sorry
1136,-2,-10,-19,Sorry
1137,-5,-15,-12,Sorry
1138,-3,0,13,Sorry
1139,5,12,12,Sorry
1140,4,12,0,Sorry
1141,5,-1,-19,Sorry
1142,-9,-17,-11,Sorry
1143,-7,-9,5,Sorry
1144,0,7,16,Sorry
1145,8,12,7,Sorry
1146,5,9,-15,Sorry
1147,-3,-14,-20,Sorry
1148,-4,-18,-4,Sorry
1149,-2,7,18,Sorry
1150,2,18,13,Sorry
1151,4,6,-12,Sorry
1152,0,-12,-19,Sorry
1153,-7,-14,-8,Sorry
1154,-5,2,10,Sorry
1155,2,15,16,Sorry
1156,4,8,2,Sorry
1157,1,0,-16,Sorry
1158,-2,-18,-10,Sorry
1159,-5,-14,-2,Sorry
1160,-3,6,13,Sorry
1161,4,16,24,Sorry
1162,7,7,-11,Sorry
1163,-1,-2,-16,Sorry
1164,-7,-21,-6,Sorry
1165,-4,-8,10,Sorry
1166,5,11,9,Sorry
1167,6,19,2,Sorry
1168,0,2,-11,Sorry
1169,-7,-25,-14,Sorry
1170,-7,-12,12,Sorry
1171,3,9,14,Sorry
1172,5,18,2,Sorry
1173,4,3,-17,Sorry
1174,-7,-19,-3,Sorry
1175,-6,-13,1,Sorry
1176,1,6,11,Sorry
1177,7,18,2,Sorry
1178,2,5,-10,Sorry
1179,0,-14,-17,Sorry
1180,-7,-15,-2,Sorry
1181,-2,3,11,Sorry
1182,6,17,13,Sorry
1183,3,11,-8,Sorry
1184,-1,-12,-14,Sorry
1185,-5,-21,-6,Sorry
1186,-3,-1,10,Sorry
1187,4,16,18,Sorry
1188,4,9,-3,Sorry
1189,2,-4,-18,Sorry
1190,-6,-19,-10,Sorry
1191,-6,-9,7,Sorry
1192,2,11,17,Sorry
1193,7,17,2,Sorry
1194,3,5,-20,Sorry
1195,-7,-17,-14,Sorry
1196,-11,-8,-1,Sorry
1197,4,4,13,Sorry
1198,6,17,9,Sorry
1199,2,9,-11,Sorry
1200,-1,-9,-18,Sorry
1201,-4,-19,-7,Sorry
1202,-5,-3,10,Sorry
1203,5,12,14,Sorry
1204,4,15,-2,Sorry
1205,-1,0,-13,Sorry
1206,-5,-22,-8,Sorry
1207,-5,-12,7,Sorry
1208,2,8,12,Sorry
1209,7,19,4,Sorry
1210,1,5,-15,Sorry
1211,-4,-17,-13,Sorry
1212,-8,-14,3,Sorry
1213,0,4,11,Sorry
1214,7,23,11,Sorry
1215,3,7,-16,Sorry
1216,-5,-15,-16,Sorry
1217,-6,-20,-4,Sorry
1218,0,1,11,Sorry
1219,7,18,14,Sorry
1220,4,16,-8,Sorry
1221,-2,-5,-17,Sorry
1222,-6,-24,-7,Sorry
1223,-7,-5,18,Sorry
1224,5,18,10,Sorry
1225,7,14,-7,Sorry
1226,-3,-3,-10,Sorry
1227,-1,-21,-18,Sorry
1228,-8,-6,10,Sorry
1229,4,15,17,Sorry
1230,7,14,5,Sorry
1231,0,1,-15,Sorry
1232,-4,-18,-21,Sorry
1233,-10,-16,-1,Sorry
1234,2,8,20,Sorry
1235,8,20,16,Sorry
1236,4,7,-20,Sorry
1237,-3,-9,-30,Sorry
1238,-12,-17,1,Sorry
1239,0,2,17,Sorry
1240,8,16,15,Sorry
1241,4,12,-8,Sorry
1242,-1,-4,-18,Sorry
1243,-5,-20,-12,Sorry
1244,-177,235,138,Sorry
1245,7,15,20,Sorry
1246,6,11,1,Sorry
1247,4,-2,-23,Sorry
1248,-8,-20,-11,Sorry
1249,-7,-11,7,Sorry
1250,3,13,15,Sorry
1251,6,16,9,Sorry
1252,3,1,-16,Sorry
1253,-3,-13,-20,Sorry
1254,-11,-14,-5,Sorry
1255,-1,3,15,Sorry
1256,8,20,19,Sorry
1257,5,10,-10,Sorry
1258,0,-5,-27,Sorry
1259,-12,-26,-2,Sorry
1260,-1,-5,15,Sorry
1261,7,15,15,Sorry
1262,6,19,-4,Sorry
1263,-2,1,-11,Sorry
1264,-4,-22,-15,Sorry
1265,-8,-18,2,Sorry
1266,2,10,20,Sorry
1267,8,20,7,Sorry
1268,8,2,-21,Sorry
1269,-2,-15,-17,Sorry
1270,-12,-18,-2,Sorry
1271,0,2,17,Sorry
1272,7,18,18,Sorry
1273,4,14,-10,Sorry
1274,-2,-9,-23,Sorry
1275,-11,-31,-5,Sorry
1276,0,-2,16,Sorry
1277,9,22,18,Sorry
1278,2,16,-5,Sorry
1279,-1,-9,-21,Sorry
1280,-8,-25,-15,Sorry
1281,-8,-1,13,Sorry
1282,8,20,21,Sorry
1283,4,15,4,Sorry
1284,0,-3,-20,Sorry
1285,-3,-23,-25,Sorry
1286,-12,-9,10,Sorry
1287,8,8,19,Sorry
1288,5,19,6,Sorry
1289,2,4,-13,Sorry
1290,0,-16,-20,Sorry
1291,-12,-17,0,Sorry
1292,-2,0,13,Sorry
1293,5,18,15,Sorry
1294,5,9,-1,Sorry
1295,1,-2,-15,Sorry
1296,-4,-16,-19,Sorry
1297,-13,-10,9,Sorry
1298,4,6,16,Sorry
1299,7,16,9,Sorry
1300,6,9,-16,Sorry
1301,-5,-9,-21,Sorry
1302,-10,-19,-2,Sorry
1303,-1,1,13,Sorry
1304,7,17,17,Sorry
1305,5,10,-11,Sorry
1306,-2,-9,-14,Sorry
1307,-11,-18,-3,Sorry
1308,-3,-2,10,Sorry
1309,4,16,11,Sorry
1310,5,14,-4,Sorry
1311,3,-10,-15,Sorry
1312,-6,-23,-5,Sorry
1313,-5,0,3,Sorry
1314,0,24,13,Sorry
1315,7,4,5,Sorry
1316,6,-14,-16,Sorry
1317,-6,-14,-24,Sorry
1318,-8,2,7,Sorry
1319,5,15,18,Sorry
1320,8,6,1,Sorry
1321,1,-5,-15,Sorry
1322,-7,-18,-11,Sorry
1323,-4,-6,7,Sorry
1324,1,16,14,Sorry
1325,9,14,0,Sorry
1326,0,0,-12,Sorry
1327,-4,-19,-15,Sorry
1328,-8,-7,8,Sorry
1329,1,16,15,Sorry
1330,6,8,4,Sorry
1331,3,-2,-15,Sorry
1332,-2,-17,-17,Sorry
1333,-11,-9,9,Sorry
1334,4,15,14,Sorry
1335,5,15,3,Sorry
1336,3,0,-10,Sorry
1337,-2,-19,-12,Sorry
1338,-9,-14,-2,Sorry
1339,0,4,12,Sorry
1340,5,18,10,Sorry
1341,5,10,0,Sorry
1342,0,-6,-15,Sorry
1343,-9,-18,-8,Sorry
1344,-4,-6,5,Sorry
1345,5,12,18,Sorry
1346,5,13,2,Sorry
1347,3,-2,-14,Sorry
1348,-1,-23,-20,Sorry
1349,-15,-7,5,Sorry
1350,3,19,15,Sorry
1351,7,14,8,Sorry
1352,4,0,-13,Sorry
1353,-3,-14,-20,Sorry
1354,-6,-11,-6,Sorry
1355,-1,2,14,Sorry
1356,4,13,10,Sorry
1357,3,12,-3,Sorry
1358,0,-3,-10,Sorry
1359,-2,-22,-7,Sorry
1360,-2,-12,5,Sorry
1361,-1,14,16,Sorry
1362,1,14,5,Sorry
1363,3,1,-21,Sorry
1364,-3,-14,-18,Sorry
1365,-6,-10,4,Sorry
1366,0,8,13,Sorry
1367,3,14,8,Sorry
1368,4,7,-10,Sorry
1369,0,-3,-14,Sorry
1370,-4,-19,-8,Sorry
1371,-5,-5,2,Sorry
1372,0,14,15,Sorry
1373,6,12,5,Sorry
1374,6,1,-12,Sorry
1375,4,-8,-39,Sorry
1376,-15,-13,17,Sorry
1377,2,4,11,Sorry
1378,5,16,8,Sorry
1379,4,4,-9,Sorry
1380,-1,-10,-14,Sorry
1381,-7,-16,-12,Sorry
1382,-4,1,12,Sorry
1383,4,13,10,Sorry
1384,7,7,-1,Sorry
1385,-2,48,-80,Sorry
1386,-2,-17,-15,Sorry
1387,-6,-8,4,Sorry
1388,0,11,12,Sorry
1389,3,16,8,Sorry
1390,4,2,-5,Sorry
1391,0,-11,-20,Sorry
1392,-6,-13,-7,Sorry
1393,-5,0,7,Sorry
1394,3,14,15,Sorry
1395,5,8,2,Sorry
1396,4,-2,-17,Sorry
1397,-4,-14,-16,Sorry
1398,-7,-10,1,Sorry
1399,-2,9,14,Sorry
1400,4,14,10,Sorry
1401,5,6,-4,Sorry
1402,2,-6,-19,Sorry
1403,-6,-19,-12,Sorry
1404,-7,-6,10,Sorry
1405,7,14,13,Sorry
1406,6,17,5,Sorry
1407,0,0,-19,Sorry
1408,-6,-24,-15,Sorry
1409,-8,-12,0,Sorry
1410,3,11,15,Sorry
1411,9,23,14,Sorry
1412,0,10,-15,Sorry
1413,-4,-25,-25,Sorry
1414,-9,-20,4,Sorry
1415,4,14,16,Sorry
1416,6,23,9,Sorry
1417,0,3,-5,Sorry
1418,-4,-15,-17,Sorry
1419,-5,-16,-2,Sorry
1420,2,-7,4,Sorry
1421,3,12,8,Sorry
1422,3,19,18,Sorry
1423,0,-4,-5,Sorry
1424,0,-14,-26,Sorry
1425,-6,-20,-9,Sorry
1426,-1,-1,14,Sorry
1427,7,26,22,Sorry
1428,0,11,0,Sorry
1429,-2,-2,-18,Sorry
1430,-1,-22,-22,Sorry
1431,-5,-16,1,Sorry
1432,0,15,24,Sorry
1433,4,22,13,Sorry
1434,0,4,-4,Sorry
1435,2,-10,-22,Sorry
1436,-5,-21,-13,Sorry
1437,-6,0,19,Sorry
1438,7,9,11,Sorry
1439,3,7,2,Sorry
1440,-1,9,-6,Sorry
1441,-2,-6,-14,Sorry
1442,-3,-22,-7,Sorry
1443,-2,-6,6,Sorry
1444,9,16,18,Sorry
1445,4,15,-3,Sorry
1446,-6,-2,-13,Sorry
1447,-2,-25,-9,Sorry
1448,-1,-11,1,Sorry
1449,0,12,13,Sorry
1450,4,20,14,Sorry
1451,1,6,-6,Sorry
1452,-4,-11,-15,Sorry
1453,-2,-23,-10,Sorry
1454,-2,-1,12,Sorry
1455,4,16,15,Sorry
1456,3,12,4,Sorry
1457,2,-2,-14,Sorry
1458,-6,-15,-16,Sorry
1459,-5,-12,0,Sorry
1460,2,4,9,Sorry
1461,3,15,15,Sorry
1462,3,7,-7,Sorry
1463,-1,-3,-20,Sorry
1464,-4,-20,-8,Sorry
1465,-5,-7,10,Sorry
1466,3,12,13,Sorry
1467,5,12,8,Sorry
1468,2,6,-19,Sorry
1469,-5,-12,-14,Sorry
1470,-5,-16,-1,Sorry
1471,0,0,9,Sorry
1472,8,16,12,Sorry
1473,4,13,-9,Sorry
1474,-5,-6,-12,Sorry
1475,0,-20,-14,Sorry
1476,-4,-11,5,Sorry
1477,2,12,14,Sorry
1478,3,16,5,Sorry
1479,2,4,-7,Sorry
1480,4,-19,-31,Sorry
1481,-12,-17,2,Sorry
1482,0,7,10,Sorry
1483,6,16,10,Sorry
1484,4,6,3,Sorry
1485,-1,-3,-17,Sorry
1486,-13,-15,-9,Sorry
1487,0,-8,8,Sorry
1488,5,9,15,Sorry
1489,5,19,1,Sorry
1490,0,10,-12,Sorry
1491,-6,-21,-13,Sorry
1492,-4,-19,1,Sorry
1493,3,9,9,Sorry
1494,7,23,1,Sorry
1495,-4,10,-3,Sorry
1496,-5,-15,-14,Sorry
1497,0,-23,-3,Sorry
1498,0,-2,14,Sorry
1499,9,21,14,Sorry
1500,0,15,-5,Sorry
1501,-5,-6,-13,Sorry
1502,-1,-22,-16,Sorry
1503,-2,-10,3,Sorry
1504,5,14,15,Sorry
1505,4,16,2,Sorry
1506,0,2,-12,Sorry
1507,-4,-11,-13,Sorry
1508,-5,-15,-2,Sorry
1509,0,-1,10,Sorry
1510,4,16,11,Sorry
1511,2,13,-2,Sorry
1512,-1,-2,-11,Sorry
1513,-4,-17,-13,Sorry
1514,-5,-11,1,Sorry
1515,0,8,15,Sorry
1516,8,18,3,Sorry
1517,2,9,-9,Sorry
1518,0,-12,-21,Sorry
1519,-5,-23,-3,Sorry
1520,-1,0,8,Sorry
1521,4,19,16,Sorry
1522,3,12,0,Sorry
1523,0,3,-17,Sorry
1524,-5,-24,-16,Sorry
1525,-3,-12,-3,Sorry
1526,1,8,9,Sorry
1527,5,21,11,Sorry
1528,-37,46,-48,Sorry
1529,-3,-13,-16,Sorry
1530,-2,-23,-17,Sorry
1531,-5,0,19,Sorry
1532,9,18,14,Sorry
1533,3,13,-1,Sorry
1534,0,-5,-14,Sorry
1535,-4,-20,-17,Sorry
1536,-6,-10,4,Sorry
1537,6,9,12,Sorry
1538,5,14,5,Sorry
1539,1,7,-9,Sorry
1540,-2,-7,-10,Sorry
1541,-5,-14,-11,Sorry
1542,-4,-6,0,Sorry
1543,1,9,11,Sorry
1544,4,17,14,Sorry
1545,0,5,-4,Sorry
1546,-3,-9,-15,Sorry
1547,0,-22,-14,Sorry
1548,-3,-6,4,Sorry
1549,1,19,14,Sorry
1550,6,14,6,Sorry
1551,1,3,-10,Sorry
1552,-2,-15,-22,Sorry
1553,-7,-18,0,Sorry
1554,1,-1,9,Sorry
1555,8,18,15,Sorry
1556,3,15,-3,Sorry
1557,-2,-4,-12,Sorry
1558,-3,-20,-14,Sorry
1559,-4,-13,6,Sorry
1560,2,7,13,Sorry
1561,6,22,10,Sorry
1562,1,10,-8,Sorry
1563,-4,-8,-14,Sorry
1564,-3,-22,-17,Sorry
1565,-4,-8,10,Sorry
1566,5,18,15,Sorry
1567,5,17,1,Sorry
1568,0,1,-11,Sorry
1569,-2,-16,-15,Sorry
1570,-9,-16,-4,Sorry
1571,0,0,10,Sorry
1572,11,13,13,Sorry
1573,4,15,-8,Sorry
1574,-7,-1,-10,Sorry
1575,-7,-14,-9,Sorry
1576,-2,-11,1,Sorry
1577,3,5,12,Sorry
1578,6,16,9,Sorry
1579,3,8,-10,Sorry
1580,-2,-11,-20,Sorry
1581,-9,-18,-6,Sorry
1582,-3,1,13,Sorry
1583,8,13,13,Sorry
1584,3,10,0,Sorry
1585,0,1,-12,Sorry
1586,-4,-14,-16,Sorry
1587,-2,-12,-5,Sorry
1588,0,5,11,Sorry
1589,4,17,14,Sorry
1590,4,7,1,Sorry
1591,0,-2,-19,Sorry
1592,-4,-22,-12,Sorry
1593,-3,-11,2,Sorry
1594,1,10,13,Sorry
1595,6,17,14,Sorry
1596,2,4,-1,Sorry
1597,2,-1,-28,Sorry
1598,-6,-25,-4,Sorry
1599,-4,-8,6,Sorry
1600,2,14,13,Sorry
1601,6,17,9,Sorry
1602,2,2,-7,Sorry
1603,-3,-11,-17,Sorry
1604,-7,-18,-8,Sorry
1605,-2,0,10,Sorry
1606,7,17,12,Sorry
1607,4,12,0,Sorry
1608,-2,-2,-13,Sorry
1609,-3,-21,-19,Sorry
1610,-11,-7,3,Sorry
1611,6,10,15,Sorry
1612,6,17,8,Sorry
1613,1,3,-10,Sorry
1614,-2,-12,-12,Sorry
1615,-2,-17,-10,Sorry
1616,-3,-4,7,Sorry
1617,3,14,14,Sorry
1618,4,13,4,Sorry
1619,0,0,-9,Sorry
1620,-3,-21,-20,Sorry
1621,-10,-7,0,Sorry
1622,4,13,16,Sorry
1623,13,14,11,Sorry
1624,0,2,-14,Sorry
1625,-7,-17,-17,Sorry
1626,-4,-12,-4,Sorry
1627,2,1,3,Sorry
1628,4,9,9,Sorry
1629,4,15,7,Sorry
1630,4,0,-23,Sorry
1631,-10,-24,-14,Sorry
1632,-6,4,11,Sorry
1633,5,8,10,Sorry
1634,6,7,1,Sorry
1635,0,3,0,Sorry
1636,-6,-9,-5,Sorry
1637,-1,-7,-6,Sorry
1638,1,-4,-16,Sorry
1639,-2,10,20,Sorry
1640,2,0,0,Sorry
1641,0,3,-3,Sorry
1642,0,0,2,Thank you
1643,8,-2,-15,Thank you
1644,7,-30,-68,Thank you
1645,13,0,92,Thank you
1646,-9,12,39,Thank you
1647,-21,4,0,Thank you
1648,5,-11,-42,Thank you
1649,26,-24,-79,Thank you
1650,-10,-2,79,Thank you
1651,1,14,55,Thank you
1652,-20,6,2,Thank you
1653,2,-9,-37,Thank you
1654,30,-29,-78,Thank you
1655,-8,4,68,Thank you
1656,14,19,54,Thank you
1657,-16,13,14,Thank you
1658,-8,-6,-26,Thank you
1659,31,-30,-82,Thank you
1660,-26,3,43,Thank you
1661,28,16,63,Thank you
1662,-17,14,17,Thank you
1663,-12,-4,-23,Thank you
1664,32,-20,-65,Thank you
1665,-55,11,-29,Thank you
1666,40,16,84,Thank you
1667,-15,13,25,Thank you
1668,-17,4,-18,Thank you
1669,21,-21,-53,Thank you
1670,-16,-3,-67,Thank you
1671,12,27,87,Thank you
1672,-9,16,43,Thank you
1673,-26,9,-1,Thank you
1674,15,-17,-59,Thank you
1675,0,-22,-76,Thank you
1676,23,5,64,Thank you
1677,-2,21,51,Thank you
1678,-21,12,1,Thank you
1679,1,-13,-45,Thank you
1680,23,-25,-84,Thank you
1681,-5,-6,72,Thank you
1682,2,17,60,Thank you
1683,-22,11,12,Thank you
1684,2,-5,-44,Thank you
1685,19,-27,-82,Thank you
1686,-20,17,35,Thank you
1687,16,24,65,Thank you
1688,-18,17,10,Thank you
1689,-2,-14,-40,Thank you
1690,18,-30,-78,Thank you
1691,-26,-5,37,Thank you
1692,23,16,69,Thank you
1693,-20,6,17,Thank you
1694,-10,-9,-23,Thank you
1695,22,-22,-51,Thank you
1696,-22,-7,-54,Thank you
1697,16,27,93,Thank you
1698,-9,14,39,Thank you
1699,-23,10,7,Thank you
1700,-2,-19,-37,Thank you
1701,23,-25,-75,Thank you
1702,-35,0,16,Thank you
1703,17,22,79,Thank you
1704,-20,6,18,Thank you
1705,-9,-6,-27,Thank you
1706,29,-20,-63,Thank you
1707,-28,-6,-41,Thank you
1708,27,25,112,Thank you
1709,-20,11,25,Thank you
1710,-14,-2,-18,Thank you
1711,21,-16,-46,Thank you
1712,-10,-22,-73,Thank you
1713,-7,32,100,Thank you
1714,-17,11,44,Thank you
1715,-21,4,-8,Thank you
1716,20,-18,-54,Thank you
1717,-5,-20,-79,Thank you
1718,30,33,81,Thank you
1719,-13,15,44,Thank you
1720,-25,4,3,Thank you
1721,17,-21,-55,Thank you
1722,4,-20,-72,Thank you
1723,12,18,51,Thank you
1724,12,20,56,Thank you
1725,-25,8,12,Thank you
1726,1,-15,-46,Thank you
1727,20,-33,-80,Thank you
1728,-18,8,39,Thank you
1729,16,21,69,Thank you
1730,-19,7,11,Thank you
1731,-4,-12,-34,Thank you
1732,29,-29,-81,Thank you
1733,-27,11,32,Thank you
1734,21,24,72,Thank you
1735,-24,11,9,Thank you
1736,1,-16,-41,Thank you
1737,21,-27,-78,Thank you
1738,-7,-4,65,Thank you
1739,18,-2,68,Thank you
1740,-26,4,19,Thank you
1741,-5,-11,-38,Thank you
1742,22,-27,-72,Thank you
1743,-28,3,-4,Thank you
1744,30,11,87,Thank you
1745,-21,5,21,Thank you
1746,-13,-11,-27,Thank you
1747,21,-21,-57,Thank you
1748,-14,-10,-27,Thank you
1749,22,24,84,Thank you
1750,-21,12,46,Thank you
1751,-30,1,-8,Thank you
1752,17,-23,-57,Thank you
1753,6,-21,-75,Thank you
1754,28,-3,66,Thank you
1755,-10,21,46,Thank you
1756,-24,4,-3,Thank you
1757,8,-13,-45,Thank you
1758,15,-22,-65,Thank you
1759,-5,-3,37,Thank you
1760,22,17,72,Thank you
1761,-24,9,6,Thank you
1762,-1,-11,-40,Thank you
1763,22,-20,-66,Thank you
1764,-41,-4,10,Thank you
1765,12,15,79,Thank you
1766,-21,7,4,Thank you
1767,8,-17,-46,Thank you
1768,14,-25,-74,Thank you
1769,-7,2,58,Thank you
1770,-4,21,54,Thank you
1771,-20,3,5,Thank you
1772,-2,-13,-34,Thank you
1773,19,-23,-74,Thank you
1774,-13,0,39,Thank you
1775,17,17,68,Thank you
1776,-18,4,10,Thank you
1777,-8,-7,-34,Thank you
1778,20,-28,-55,Thank you
1779,-17,-5,-41,Thank you
1780,32,23,97,Thank you
1781,-16,6,16,Thank you
1782,-9,-9,-27,Thank you
1783,23,-22,-62,Thank you
1784,-31,1,-32,Thank you
1785,26,26,110,Thank you
1786,-18,7,23,Thank you
1787,-12,-5,-23,Thank you
1788,19,-20,-47,Thank you
1789,-12,-18,-56,Thank you
1790,-9,63,90,Thank you
1791,-15,13,39,Thank you
1792,-20,2,-14,Thank you
1793,24,-19,-56,Thank you
1794,-16,-23,-83,Thank you
1795,10,41,115,Thank you
1796,-19,10,30,Thank you
1797,-18,2,-17,Thank you
1798,20,-19,-43,Thank you
1799,-1,-31,-92,Thank you
1800,0,16,119,Thank you
1801,-16,11,32,Thank you
1802,-17,-2,-31,Thank you
1803,30,-30,-65,Thank you
1804,-25,-5,-56,Thank you
1805,19,31,116,Thank you
1806,-18,7,14,Thank you
1807,-12,-1,-23,Thank you
1808,22,-16,-46,Thank you
1809,-6,-22,-78,Thank you
1810,2,33,123,Thank you
1811,-17,8,26,Thank you
1812,-18,-1,-8,Thank you
1813,9,-16,-38,Thank you
1814,13,-27,-88,Thank you
1815,-4,20,95,Thank you
1816,-18,21,34,Thank you
1817,-19,3,-13,Thank you
1818,13,-18,-43,Thank you
1819,9,-24,-85,Thank you
1820,1,19,101,Thank you
1821,-16,20,31,Thank you
1822,-16,4,-16,Thank you
1823,18,-19,-43,Thank you
1824,-7,-17,-81,Thank you
1825,37,35,106,Thank you
1826,-21,17,21,Thank you
1827,-11,-3,-22,Thank you
1828,22,-19,-54,Thank you
1829,-18,-7,-53,Thank you
1830,23,35,116,Thank you
1831,-26,12,20,Thank you
1832,-1,-13,-47,Thank you
1833,23,-26,-76,Thank you
1834,-9,0,53,Thank you
1835,8,27,69,Thank you
1836,-17,4,-2,Thank you
1837,-6,-8,-28,Thank you
1838,27,-17,-67,Thank you
1839,-56,4,8,Thank you
1840,4,13,73,Thank you
1841,-20,1,9,Thank you
1842,-1,-10,-29,Thank you
1843,24,-15,-50,Thank you
1844,-33,-10,-76,Thank you
1845,7,21,111,Thank you
1846,-4,8,33,Thank you
1847,-19,-2,-21,Thank you
1848,14,-14,-56,Thank you
1849,-2,-27,-94,Thank you
1850,12,41,92,Thank you
1851,-2,24,65,Thank you
1852,-30,4,-9,Thank you
1853,25,-21,-66,Thank you
1854,-11,-22,-99,Thank you
1855,7,24,111,Thank you
1856,-4,8,42,Thank you
1857,-23,-1,-27,Thank you
1858,36,-25,-70,Thank you
1859,-50,8,-67,Thank you
1860,24,10,111,Thank you
1861,-9,7,31,Thank you
1862,-24,7,-21,Thank you
1863,33,-23,-70,Thank you
1864,-37,-7,-79,Thank you
1865,4,24,105,Thank you
1866,-14,8,33,Thank you
1867,-17,-6,-36,Thank you
1868,32,-24,-75,Thank you
1869,-47,2,-26,Thank you
1870,22,33,107,Thank you
1871,-33,9,21,Thank you
1872,0,-16,-64,Thank you
1873,22,-26,-94,Thank you
1874,27,-9,75,Thank you
1875,3,29,81,Thank you
1876,-32,7,-5,Thank you
1877,11,-12,-61,Thank you
1878,5,-23,-90,Thank you
1879,31,5,67,Thank you
1880,3,32,84,Thank you
1881,-42,9,-22,Thank you
1882,32,-23,-79,Thank you
1883,-23,-7,-78,Thank you
1884,18,31,117,Thank you
1885,-23,9,39,Thank you
1886,-14,-10,-52,Thank you
1887,33,-25,-80,Thank you
1888,-31,1,-17,Thank you
1889,18,12,100,Thank you
1890,-25,8,13,Thank you
1891,-7,-14,-42,Thank you
1892,35,-30,-83,Thank you
1893,-26,-2,18,Thank you
1894,11,35,94,Thank you
1895,-37,3,4,Thank you
1896,14,-20,-62,Thank you
1897,9,-26,-96,Thank you
1898,-8,20,84,Thank you
1899,-6,22,65,Thank you
1900,-24,-2,-28,Thank you
1901,36,-17,-80,Thank you
1902,-31,-14,-65,Thank you
1903,15,12,121,Thank you
1904,-23,2,27,Thank you
1905,-3,-17,-47,Thank you
1906,25,-24,-80,Thank you
1907,-24,0,23,Thank you
1908,20,17,89,Thank you
1909,-34,7,8,Thank you
1910,4,-14,-57,Thank you
1911,21,-19,-72,Thank you
1912,-7,12,55,Thank you
1913,-8,7,11,Thank you
1914,-31,-1,-19,Thank you
1915,33,-20,-71,Thank you
1916,-23,0,-89,Thank you
1917,9,42,112,Thank you
1918,-20,7,33,Thank you
1919,-14,-5,-45,Thank you
1920,35,-20,-89,Thank you
1921,-48,-2,47,Thank you
1922,4,20,82,Thank you
1923,-32,7,4,Thank you
1924,22,-21,-71,Thank you
1925,-1,-15,-93,Thank you
1926,32,10,98,Thank you
1927,-13,19,61,Thank you
1928,-23,-2,-41,Thank you
1929,33,-15,-81,Thank you
1930,-41,4,-44,Thank you
1931,34,8,95,Thank you
1932,-25,12,22,Thank you
1933,-2,-14,-52,Thank you
1934,21,-26,-94,Thank you
1935,12,-8,86,Thank you
1936,-4,24,60,Thank you
1937,-25,6,-22,Thank you
1938,15,-13,-53,Thank you
1939,0,-23,-94,Thank you
1940,19,16,88,Thank you
1941,-2,21,57,Thank you
1942,-32,4,-21,Thank you
1943,32,-18,-81,Thank you
1944,-37,-4,-71,Thank you
1945,19,-2,103,Thank you
1946,-26,5,19,Thank you
1947,3,-11,-56,Thank you
1948,25,-21,-88,Thank you
1949,9,-25,66,Thank you
1950,0,18,77,Thank you
1951,-33,13,0,Thank you
1952,18,-19,-63,Thank you
1953,1,-22,-94,Thank you
1954,26,22,86,Thank you
1955,-11,22,47,Thank you
1956,-21,-1,-37,Thank you
1957,35,-13,-84,Thank you
1958,-54,26,-16,Thank you
1959,31,10,89,Thank you
1960,-26,9,18,Thank you
1961,-7,-3,-48,Thank you
1962,26,-22,-93,Thank you
1963,-1,0,79,Thank you
1964,-6,20,65,Thank you
1965,-31,13,-4,Thank you
1966,25,-19,-70,Thank you
1967,-17,-21,-85,Thank you
1968,56,13,96,Thank you
1969,-19,12,38,Thank you
1970,-18,-3,-42,Thank you
1971,31,-29,-99,Thank you
1972,-26,23,66,Thank you
1973,-1,21,72,Thank you
1974,-31,6,-6,Thank you
1975,24,-21,-69,Thank you
1976,-25,-8,-90,Thank you
1977,18,20,116,Thank you
1978,-22,3,43,Thank you
1979,-23,-9,-41,Thank you
1980,27,-16,-97,Thank you
1981,-54,28,40,Thank you
1982,-5,25,75,Thank you
1983,-28,10,1,Thank you
1984,16,-21,-58,Thank you
1985,-1,-21,-88,Thank you
1986,9,10,96,Thank you
1987,-18,14,48,Thank you
1988,-16,-5,-35,Thank you
1989,34,-20,-86,Thank you
1990,-48,19,47,Thank you
1991,9,10,73,Thank you
1992,-28,3,-3,Thank you
1993,8,-16,-49,Thank you
1994,7,-25,-90,Thank you
1995,18,11,89,Thank you
1996,-9,21,42,Thank you
1997,-12,-2,-35,Thank you
1998,34,-23,-75,Thank you
1999,-51,11,-1,Thank you
2000,10,0,85,Thank you
2001,-18,10,16,Thank you
2002,-4,-10,-35,Thank you
2003,22,-20,-89,Thank you
2004,4,13,70,Thank you
2005,0,14,64,Thank you
2006,-29,11,6,Thank you
2007,7,-20,-51,Thank you
2008,22,-23,-76,Thank you
2009,29,8,81,Thank you
2010,-2,10,61,Thank you
2011,-28,3,2,Thank you
2012,9,-16,-52,Thank you
2013,13,-29,-85,Thank you
2014,49,18,80,Thank you
2015,-5,17,51,Thank you
2016,-29,2,-18,Thank you
2017,29,-16,-71,Thank you
2018,-29,-4,-69,Thank you
2019,45,47,92,Thank you
2020,-13,6,44,Thank you
2021,-24,0,-32,Thank you
2022,33,-29,-77,Thank you
2023,-59,11,-16,Thank you
2024,18,9,93,Thank you
2025,-30,5,18,Thank you
2026,0,-14,-56,Thank you
2027,15,-31,-102,Thank you
2028,53,-37,91,Thank you
2029,-11,20,54,Thank you
2030,-31,5,-13,Thank you
2031,30,-24,-83,Thank you
2032,-48,10,-44,Thank you
2033,30,21,99,Thank you
2034,-30,5,22,Thank you
2035,0,-23,-58,Thank you
2036,15,-30,-96,Thank you
2037,9,-10,84,Thank you
2038,-11,33,47,Thank you
2039,-18,-2,-38,Thank you
2040,28,-8,-83,Thank you
2041,-42,25,3,Thank you
2042,27,11,88,Thank you
2043,-26,8,12,Thank you
2044,1,-17,-57,Thank you
2045,13,-36,-95,Thank you
2046,43,2,90,Thank you
2047,-10,27,57,Thank you
2048,-24,6,-22,Thank you
2049,23,-19,-66,Thank you
2050,-35,1,-74,Thank you
2051,10,29,107,Thank you
2052,-15,8,26,Thank you
2053,301,-228,197,Thank you
2054,23,-37,-93,Thank you
2055,7,7,88,Thank you
2056,-8,18,66,Thank you
2057,-34,7,-5,Thank you
2058,28,-25,-79,Thank you
2059,-32,0,-67,Thank you
2060,43,44,93,Thank you
2061,-14,12,37,Thank you
2062,-23,-4,-28,Thank you
2063,34,-35,-89,Thank you
2064,-46,26,48,Thank you
2065,11,15,75,Thank you
2066,-27,10,6,Thank you
2067,11,-19,-54,Thank you
2068,10,-33,-88,Thank you
2069,67,3,83,Thank you
2070,-17,21,42,Thank you
2071,-18,-1,-35,Thank you
2072,32,-26,-85,Thank you
2073,-50,15,13,Thank you
2074,-3,-2,82,Thank you
2075,-29,3,0,Thank you
2076,25,-21,-74,Thank you
2077,-14,-27,-82,Thank you
2078,26,33,92,Thank you
2079,-9,20,23,Thank you
2080,-12,-2,-32,Thank you
2081,29,-22,-83,Thank you
2082,-48,2,14,Thank you
2083,15,5,86,Thank you
2084,-25,1,12,Thank you
2085,10,-13,-64,Thank you
2086,1,-27,-87,Thank you
2087,28,25,95,Thank you
2088,-19,21,33,Thank you
2089,-15,-7,-32,Thank you
2090,7,-9,-33,Thank you
2091,0,2,4,Thank you
2092,1,-22,-84,Thank you
2093,45,19,94,Thank you
2094,-14,14,48,Thank you
2095,-26,-6,-28,Thank you
2096,27,-21,-79,Thank you
2097,-68,23,-6,Thank you
2098,37,19,85,Thank you
2099,-24,7,20,Thank you
2100,-12,-13,-41,Thank you
2101,21,-15,-91,Thank you
2102,1,17,53,Thank you
2103,11,32,77,Thank you
2104,-33,7,-10,Thank you
2105,19,-17,-66,Thank you
2106,-28,-23,-90,Thank you
2107,28,21,100,Thank you
2108,-13,9,17,Thank you
2109,-18,0,-22,Thank you
2110,31,-26,-80,Thank you
2111,-56,22,3,Thank you
2112,0,20,81,Thank you
2113,-23,9,5,Thank you
2114,12,-20,-61,Thank you
2115,-8,-29,-90,Thank you
2116,35,53,91,Thank you
2117,-8,15,36,Thank you
2118,-22,0,-26,Thank you
2119,26,-22,-72,Thank you
2120,-42,3,-39,Thank you
2121,33,4,103,Thank you
2122,-20,7,22,Thank you
2123,-6,-12,-47,Thank you
2124,22,-32,-89,Thank you
2125,-1,27,78,Thank you
2126,3,24,64,Thank you
2127,-32,11,-1,Thank you
2128,19,-19,-72,Thank you
2129,-22,-16,-79,Thank you
2130,40,39,97,Thank you
2131,-13,14,32,Thank you
2132,-16,-6,-36,Thank you
2133,27,-25,-79,Thank you
2134,-65,21,20,Thank you
2135,-4,0,80,Thank you
2136,-27,4,0,Thank you
2137,14,-21,-58,Thank you
2138,-2,-19,-75,Thank you
2139,27,13,83,Thank you
2140,-14,22,56,Thank you
2141,-27,3,-38,Thank you
2142,28,-23,-77,Thank you
2143,-50,17,-25,Thank you
2144,21,6,91,Thank you
2145,-22,6,21,Thank you
2146,-9,-8,-38,Thank you
2147,26,-33,-75,Thank you
2148,-48,13,29,Thank you
2149,16,-1,91,Thank you
2150,-32,8,3,Thank you
2151,7,-16,-60,Thank you
2152,-1,-31,-90,Thank you
2153,43,31,86,Thank you
2154,-10,22,43,Thank you
2155,-22,3,-6,Thank you
2156,2,-7,-38,Thank you
2157,18,-25,-78,Thank you
2158,-15,11,74,Thank you
2159,9,24,88,Thank you
2160,-40,4,1,Thank you
2161,13,-14,-71,Thank you
2162,-8,-19,-88,Thank you
2163,41,49,75,Thank you
2164,5,22,52,Thank you
2165,-31,13,0,Thank you
2166,10,-10,-58,Thank you
2167,-3,-25,-102,Thank you
2168,29,18,84,Thank you
2169,-7,24,50,Thank you
2170,-27,6,-7,Thank you
2171,20,-16,-64,Thank you
2172,-14,-16,-84,Thank you
2173,42,32,101,Thank you
2174,-20,0,38,Thank you
2175,-22,0,-19,Thank you
2176,30,-17,-73,Thank you
2177,-48,7,-39,Thank you
2178,22,17,107,Thank you
2179,-22,4,28,Thank you
2180,-16,-9,-40,Thank you
2181,31,-23,-81,Thank you
2182,-56,3,23,Thank you
2183,16,11,90,Thank you
2184,-26,2,17,Thank you
2185,-5,-7,-57,Thank you
2186,18,-34,-89,Thank you
2187,14,19,71,Thank you
2188,8,26,71,Thank you
2189,-33,9,-13,Thank you
2190,25,-18,-76,Thank you
2191,14,4,6,Thank you
2192,27,-12,95,Thank you
2193,-19,9,20,Thank you
2194,-11,-8,-40,Thank you
2195,26,-35,-93,Thank you
2196,-3,38,79,Thank you
2197,-1,35,52,Thank you
2198,-24,6,-7,Thank you
2199,30,-20,-79,Thank you
2200,-38,-5,-70,Thank you
2201,13,44,101,Thank you
2202,-15,17,30,Thank you
2203,-9,-9,-48,Thank you
2204,25,-31,-90,Thank you
2205,-5,0,88,Thank you
2206,-1,33,67,Thank you
2207,-31,9,-17,Thank you
2208,19,-18,-60,Thank you
2209,-4,-27,-91,Thank you
2210,27,21,90,Thank you
2211,-7,18,33,Thank you
2212,-19,0,-26,Thank you
2213,33,-20,-76,Thank you
2214,-50,1,-44,Thank you
2215,17,16,101,Thank you
2216,-23,2,19,Thank you
2217,-1,-12,-49,Thank you
2218,25,-39,-73,Thank you
2219,-27,13,81,Thank you
2220,-5,15,71,Thank you
2221,-31,6,-3,Thank you
2222,27,-24,-75,Thank you
2223,-30,-7,-81,Thank you
2224,16,40,97,Thank you
2225,-15,13,19,Thank you
2226,-6,-7,-43,Thank you
2227,26,-32,-79,Thank you
2228,-31,23,66,Thank you
2229,-3,16,84,Thank you
2230,-29,4,5,Thank you
2231,5,-16,-49,Thank you
2232,12,-32,-88,Thank you
2233,32,3,102,Thank you
2234,-18,17,55,Thank you
2235,-32,-2,-13,Thank you
2236,28,-25,-69,Thank you
2237,-31,-9,-73,Thank you
2238,18,40,100,Thank you
2239,-12,13,48,Thank you
2240,-27,-4,-32,Thank you
2241,31,-24,-85,Thank you
2242,-58,23,16,Thank you
2243,32,17,71,Thank you
2244,-30,7,17,Thank you
2245,-1,-10,-49,Thank you
2246,16,-33,-97,Thank you
2247,32,11,76,Thank you
2248,-12,32,53,Thank you
2249,-26,2,-20,Thank you
2250,30,-25,-81,Thank you
2251,-37,-10,-46,Thank you
2252,31,23,109,Thank you
2253,-28,6,22,Thank you
2254,-9,-12,-46,Thank you
2255,23,-28,-86,Thank you
2256,-28,10,73,Thank you
2257,-11,30,58,Thank you
2258,-26,8,-10,Thank you
2259,25,-20,-72,Thank you
2260,-23,-3,-62,Thank you
2261,7,41,102,Thank you
2262,-15,11,37,Thank you
2263,-18,-4,-29,Thank you
2264,27,-18,-75,Thank you
2265,-59,7,-20,Thank you
2266,10,-1,88,Thank you
2267,-21,7,16,Thank you
2268,0,-12,-53,Thank you
2269,14,-28,-89,Thank you
2270,-16,36,76,Thank you
2271,-1,21,75,Thank you
2272,-31,7,-11,Thank you
2273,21,-22,-68,Thank you
2274,-26,-9,-72,Thank you
2275,19,39,104,Thank you
2276,-19,16,29,Thank you
2277,-21,-6,-19,Thank you
2278,29,-27,-66,Thank you
2279,-34,-10,-61,Thank you
2280,13,33,92,Thank you
2281,-13,9,22,Thank you
2282,-8,-1,-43,Thank you
2283,28,-32,-89,Thank you
2284,0,2,78,Thank you
2285,-6,18,60,Thank you
2286,-27,0,-3,Thank you
2287,20,-22,-61,Thank you
2288,-18,-15,-79,Thank you
2289,10,38,94,Thank you
2290,-16,19,39,Thank you
2291,-23,0,-19,Thank you
2292,29,-21,-80,Thank you
2293,-51,1,-17,Thank you
2294,35,8,97,Thank you
2295,-22,4,21,Thank you
2296,-9,-12,-43,Thank you
2297,19,-29,-89,Thank you
2298,11,-6,90,Thank you
2299,-9,17,61,Thank you
2300,-28,2,0,Thank you
2301,18,-17,-65,Thank you
2302,-15,-23,-90,Thank you
2303,26,35,96,Thank you
2304,-18,19,18,Thank you
2305,-6,-3,-46,Thank you
2306,25,-28,-88,Thank you
2307,-47,18,75,Thank you
2308,-19,18,59,Thank you
2309,-23,2,-15,Thank you
2310,22,-18,-64,Thank you
2311,-22,-24,-103,Thank you
2312,39,17,97,Thank you
2313,-7,13,23,Thank you
2314,-14,0,-35,Thank you
2315,24,-17,-71,Thank you
2316,-53,10,-7,Thank you
2317,26,-1,90,Thank you
2318,-20,6,15,Thank you
2319,-9,-1,-36,Thank you
2320,18,-22,-71,Thank you
2321,-46,16,56,Thank you
2322,2,7,74,Thank you
2323,-24,10,7,Thank you
2324,-5,-7,-39,Thank you
2325,22,-25,-63,Thank you
2326,-53,1,36,Thank you
2327,15,6,84,Thank you
2328,-31,4,4,Thank you
2329,-113,-320,-197,Thank you
2330,9,-30,-84,Thank you
2331,71,20,67,Thank you
2332,-13,32,29,Thank you
2333,-23,5,-18,Thank you
2334,23,-18,-69,Thank you
2335,-47,3,-51,Thank you
2336,41,7,99,Thank you
2337,-25,5,9,Thank you
2338,-9,0,-42,Thank you
2339,25,-25,-91,Thank you
2340,-13,16,86,Thank you
2341,-8,28,55,Thank you
2342,-27,6,-12,Thank you
2343,18,-15,-70,Thank you
2344,-32,-18,-74,Thank you
2345,66,14,97,Thank you
2346,-22,11,22,Thank you
2347,-12,-5,-43,Thank you
2348,24,-33,-96,Thank you
2349,18,18,84,Thank you
2350,2,32,64,Thank you
2351,-29,5,-20,Thank you
2352,24,-11,-94,Thank you
2353,-74,2,-4,Thank you
2354,1,0,88,Thank you
2355,-28,10,0,Thank you
2356,6,-11,-58,Thank you
2357,-6,-23,-95,Thank you
2358,80,26,71,Thank you
2359,-18,22,36,Thank you
2360,-19,-3,-32,Thank you
2361,22,-17,-83,Thank you
2362,-44,16,61,Thank you
2363,0,10,78,Thank you
2364,-38,0,-6,Thank you
2365,29,-18,-94,Thank you
2366,-47,-1,-60,Thank you
2367,64,32,94,Thank you
2368,-25,7,13,Thank you
2369,-6,-6,-47,Thank you
2370,16,-30,-102,Thank you
2371,35,25,97,Thank you
2372,-16,25,57,Thank you
2373,-28,0,-27,Thank you
2374,25,-20,-79,Thank you
2375,-71,-6,-45,Thank you
2376,9,8,89,Thank you
2377,-24,12,-4,Thank you
2378,8,-16,-56,Thank you
2379,1,-27,-95,Thank you
2380,66,29,85,Thank you
2381,-18,30,46,Thank you
2382,-27,-1,-31,Thank you
2383,32,-11,-88,Thank you
2384,-90,21,-5,Thank you
2385,0,10,86,Thank you
2386,-24,-3,-9,Thank you
2387,2,-6,-38,Thank you
2388,10,-31,-86,Thank you
2389,49,19,68,Thank you
2390,0,35,66,Thank you
2391,-39,4,-12,Thank you
2392,27,-18,-91,Thank you
2393,-36,-3,-46,Thank you
2394,59,17,103,Thank you
2395,-27,7,35,Thank you
2396,-13,-11,-48,Thank you
2397,21,-29,-102,Thank you
2398,12,6,93,Thank you
2399,-21,22,67,Thank you
2400,-28,-1,-33,Thank you
2401,28,-27,-102,Thank you
2402,-32,9,71,Thank you
2403,9,24,80,Thank you
2404,-40,3,-3,Thank you
2405,23,-15,-93,Thank you
2406,-44,0,-46,Thank you
2407,47,17,100,Thank you
2408,-22,3,20,Thank you
2409,-8,-2,-49,Thank you
2410,16,-32,-99,Thank you
2411,51,14,82,Thank you
2412,-17,26,51,Thank you
2413,-28,-2,-32,Thank you
2414,30,-17,-99,Thank you
2415,-45,16,50,Thank you
2416,6,22,78,Thank you
2417,-31,3,-12,Thank you
2418,24,-19,-101,Thank you
2419,-61,17,21,Thank you
2420,20,17,80,Thank you
2421,-31,10,2,Thank you
2422,11,-18,-59,Thank you
2423,-13,-30,-100,Thank you
2424,36,26,95,Thank you
2425,-23,7,28,Thank you
2426,-7,-10,-55,Thank you
2427,3,0,-5,Thank you
2428,10,-13,-37,Thank you
2429,-74,23,7,Thank you
2430,12,29,88,Thank you
2431,-37,1,-21,Thank you
2432,21,-16,-70,Thank you
2433,-27,-3,-72,Thank you
2434,33,31,101,Thank you
2435,-23,9,30,Thank you
2436,-1,-16,-61,Thank you
2437,11,-28,-101,Thank you
2438,44,16,91,Thank you
2439,-10,25,68,Thank you
2440,-36,-2,-14,Thank you
2441,31,-19,-85,Thank you
2442,-62,-6,-68,Thank you
2443,30,22,100,Thank you
2444,-28,6,29,Thank you
2445,4,-23,-74,Thank you
2446,-11,-34,-108,Thank you
